product_id,url
uni3665884035592,https://www.cdiscount.com/maison/decoration-accessoires/voilage-panama-135-x-250-cm-taupe-1-panneau/f-117630805-uni3665884035592.html
uni3665884049179,https://www.cdiscount.com/maison/decoration-accessoires/voilage-tisse-lignes-horizontales-indi-140-x-240/f-117630805-uni3665884049179.html
uni3665884049186,https://www.cdiscount.com/maison/decoration-accessoires/voilage-tisse-lignes-horizontales-indi-140-x-240/f-117630805-uni3665884049186.html
uni3665884049193,https://www.cdiscount.com/maison/decoration-accessoires/voilage-tisse-lignes-horizontales-indi-140-x-240/f-117630805-uni3665884049193.html
uni3665884049209,https://www.cdiscount.com/maison/decoration-accessoires/voilage-tisse-sable-alton-140-x-240-cm-atmospher/f-117630805-uni3665884049209.html
uni3665884049216,https://www.cdiscount.com/maison/decoration-accessoires/voilage-tisse-sable-alton-140-x-240-cm-atmospher/f-117630805-uni3665884049216.html
uni3665884049223,https://www.cdiscount.com/maison/decoration-accessoires/voilage-tisse-sable-alton-140-x-240-cm-atmospher/f-117630805-uni3665884049223.html
uni3665884049445,https://www.cdiscount.com/maison/decoration-accessoires/voilage-tisse-plumetis-anissa-140-x-240-cm-atmos/f-117630805-uni3665884049445.html
uni3665884049452,https://www.cdiscount.com/maison/decoration-accessoires/voilage-tisse-plumetis-anissa-140-x-240-cm-atmos/f-117630805-uni3665884049452.html
uni3665884049469,https://www.cdiscount.com/maison/decoration-accessoires/voilage-tisse-plumetis-anissa-140-x-240-cm-atmos/f-117630805-uni3665884049469.html
uni3665884049476,https://www.cdiscount.com/maison/decoration-accessoires/voilage-tisse-plumetis-anissa-140-x-240-cm-atmos/f-117630805-uni3665884049476.html
uni3665884049483,https://www.cdiscount.com/maison/decoration-accessoires/voilage-tisse-lignes-verticales-lisa-140-x-240-c/f-117630805-uni3665884049483.html
uni3665884049490,https://www.cdiscount.com/maison/decoration-accessoires/voilage-tisse-lignes-verticales-lisa-140-x-240-c/f-117630805-uni3665884049490.html
uni3665884049506,https://www.cdiscount.com/maison/decoration-accessoires/voilage-tisse-lignes-verticales-lisa-140-x-240-c/f-117630805-uni3665884049506.html
uni3665884049520,https://www.cdiscount.com/maison/decoration-accessoires/voilage-tisse-sable-sam-140-x-240-cm-atmosphera/f-117630805-uni3665884049520.html
uni3665884049537,https://www.cdiscount.com/maison/decoration-accessoires/voilage-tisse-sable-sam-140-x-240-cm-atmosphera/f-117630805-uni3665884049537.html
uni3665884049544,https://www.cdiscount.com/maison/decoration-accessoires/voilage-tisse-sable-sam-140-x-240-cm-atmosphera/f-117630805-uni3665884049544.html
uni3665884049568,https://www.cdiscount.com/maison/decoration-accessoires/voilage-brode-mia-tamisant-140-x-240-cm-atmosphe/f-117630805-uni3665884049568.html
uni3665884049575,https://www.cdiscount.com/maison/decoration-accessoires/voilage-brode-mia-tamisant-140-x-240-cm-atmosphe/f-117630805-uni3665884049575.html
uni3665884049582,https://www.cdiscount.com/maison/decoration-accessoires/voilage-brode-mia-tamisant-140-x-240-cm-atmosphe/f-117630805-uni3665884049582.html
uni3665884052360,https://www.cdiscount.com/maison/linge-maison/housse-de-couette-240-x-220-cm-drap-housse-160-x/f-1176218-uni3665884052360.html
uni3665884063168,https://www.cdiscount.com/maison/linge-maison/couvre-lit-boutis-4-pieces-uni-piquage-circle-pr/f-117620122-uni3665884063168.html
uni3665884063212,https://www.cdiscount.com/maison/linge-maison/couvre-lit-boutis-4-pieces-uni-piquage-circle-ma/f-117620122-uni3665884063212.html
uni3665884063229,https://www.cdiscount.com/maison/linge-maison/couvre-lit-boutis-4-pieces-bicolore-piquage-circl/f-117620122-uni3665884063229.html
uni3665884063236,https://www.cdiscount.com/maison/linge-maison/couvre-lit-boutis-4-pieces-bicolore-piquage-circl/f-117620122-uni3665884063236.html
uni3665884063250,https://www.cdiscount.com/maison/linge-maison/couvre-lit-boutis-4-pieces-uni-piquage-circle-tu/f-117620122-uni3665884063250.html
uni3665884063281,https://www.cdiscount.com/maison/linge-maison/couvre-lit-boutis-4-pieces-uni-piquage-circle-no/f-117620122-uni3665884063281.html
uni3665884063304,https://www.cdiscount.com/maison/linge-maison/couvre-lit-boutis-4-pieces-uni-piquage-circle-ch/f-117620122-uni3665884063304.html
uni3665884063328,https://www.cdiscount.com/maison/linge-maison/couvre-lit-boutis-4-pieces-bicolore-piquage-circl/f-117620122-uni3665884063328.html
uni3665884063359,https://www.cdiscount.com/maison/linge-maison/couvre-lit-boutis-7-pieces-uni-piquage-circle-ma/f-117620122-uni3665884063359.html
uni3665884063427,https://www.cdiscount.com/maison/linge-maison/couvre-lit-boutis-7-pieces-uni-piquage-circle-pr/f-117620122-uni3665884063427.html
uni3665884063434,https://www.cdiscount.com/maison/linge-maison/couvre-lit-boutis-7-pieces-bicolore-piquage-circl/f-117620122-uni3665884063434.html
uni3665884063472,https://www.cdiscount.com/maison/linge-maison/couvre-lit-boutis-7-pieces-uni-piquage-circle-ch/f-117620122-uni3665884063472.html
uni3665884063489,https://www.cdiscount.com/maison/linge-maison/couvre-lit-boutis-7-pieces-bicolore-piquage-circl/f-117620122-uni3665884063489.html
uni3665884067098,https://www.cdiscount.com/maison/linge-maison/pack-complet-6-pieces-pour-lit-2-places-140-x-190/f-1176216-uni3665884067098.html
uni3665884067180,https://www.cdiscount.com/maison/linge-maison/pack-complet-6-pieces-pour-lit-2-places-180-x-200/f-1176216-uni3665884067180.html
uni3665884067197,https://www.cdiscount.com/maison/linge-maison/pack-complet-6-pieces-pour-lit-2-places-160-x-200/f-1176216-uni3665884067197.html
uni3665884067241,https://www.cdiscount.com/maison/linge-maison/pack-complet-6-pieces-pour-lit-2-places-140-x-190/f-1176216-uni3665884067241.html
uni3665884067258,https://www.cdiscount.com/maison/linge-maison/pack-complet-6-pieces-pour-lit-2-places-160-x-200/f-1176216-uni3665884067258.html
uni3665884067265,https://www.cdiscount.com/maison/linge-maison/pack-complet-4-pieces-pour-lit-1-place-90-x-190-cm/f-1176216-uni3665884067265.html
uni3665884067289,https://www.cdiscount.com/maison/linge-maison/pack-complet-6-pieces-pour-lit-2-places-140-x-190/f-1176216-uni3665884067289.html
uni3665884067296,https://www.cdiscount.com/maison/linge-maison/pack-complet-4-pieces-pour-lit-1-place-90-x-190-cm/f-1176216-uni3665884067296.html
uni3665884067319,https://www.cdiscount.com/maison/linge-maison/parure-de-draps-3-pieces-1-drap-plat-180-x-290-cm/f-117620106-uni3665884067319.html
uni3665884067326,https://www.cdiscount.com/maison/linge-maison/pack-complet-4-pieces-pour-lit-1-place-90-x-190-cm/f-1176216-uni3665884067326.html
uni3665884067333,https://www.cdiscount.com/maison/linge-maison/pack-complet-6-pieces-pour-lit-2-places-140-x-190/f-1176216-uni3665884067333.html
uni3665884067357,https://www.cdiscount.com/maison/linge-maison/pack-complet-4-pieces-pour-lit-1-place-90-x-190-cm/f-1176216-uni3665884067357.html
uni3665884067364,https://www.cdiscount.com/maison/linge-maison/pack-complet-4-pieces-pour-lit-1-place-90-x-190-cm/f-1176216-uni3665884067364.html
uni3665884067371,https://www.cdiscount.com/maison/linge-maison/housse-de-couette-140-x-200-cm-1-taie-d-oreiller/f-1176216-uni3665884067371.html
uni3665884067401,https://www.cdiscount.com/maison/linge-maison/pack-complet-6-pieces-pour-lit-2-places-160-x-200/f-1176216-uni3665884067401.html
uni3665884067425,https://www.cdiscount.com/maison/linge-maison/pack-complet-6-pieces-pour-lit-2-places-140-x-190/f-1176216-uni3665884067425.html
uni3665884067463,https://www.cdiscount.com/maison/linge-maison/pack-complet-6-pieces-pour-lit-2-places-180-x-200/f-1176216-uni3665884067463.html
uni3665884067487,https://www.cdiscount.com/maison/linge-maison/pack-complet-6-pieces-pour-lit-2-places-180-x-200/f-1176216-uni3665884067487.html
uni3665884067500,https://www.cdiscount.com/maison/linge-maison/parure-de-draps-4-pieces-1-drap-plat-240-x-300-cm/f-117620106-uni3665884067500.html
uni3665884067517,https://www.cdiscount.com/maison/linge-maison/parure-de-draps-3-pieces-1-drap-plat-180-x-290-cm/f-117620106-uni3665884067517.html
uni3665884067531,https://www.cdiscount.com/maison/linge-maison/pack-complet-4-pieces-pour-lit-1-place-90-x-190-cm/f-117620106-uni3665884067531.html
uni3665884067555,https://www.cdiscount.com/maison/linge-maison/pack-complet-6-pieces-pour-lit-2-places-180-x-200/f-1176216-uni3665884067555.html
uni3665884067586,https://www.cdiscount.com/maison/linge-maison/pack-complet-6-pieces-pour-lit-2-places-160-x-200/f-117620106-uni3665884067586.html
uni3665884067593,https://www.cdiscount.com/maison/linge-maison/pack-complet-6-pieces-pour-lit-2-places-180-x-200/f-1176216-uni3665884067593.html
uni3665884067616,https://www.cdiscount.com/maison/linge-maison/parure-de-draps-3-pieces-1-drap-plat-180-x-290-cm/f-117620106-uni3665884067616.html
uni3665884067630,https://www.cdiscount.com/maison/linge-maison/pack-complet-6-pieces-pour-lit-2-places-160-x-200/f-1176216-uni3665884067630.html
uni3665884067678,https://www.cdiscount.com/maison/linge-maison/pack-complet-6-pieces-pour-lit-2-places-140-x-190/f-1176216-uni3665884067678.html
uni3665884067692,https://www.cdiscount.com/maison/linge-maison/parure-de-draps-3-pieces-1-drap-plat-180-x-290-cm/f-117620106-uni3665884067692.html
uni3665884067708,https://www.cdiscount.com/maison/linge-maison/parure-de-draps-4-pieces-1-drap-plat-240-x-300-cm/f-117620106-uni3665884067708.html
uni3665884067715,https://www.cdiscount.com/maison/linge-maison/parure-de-draps-3-pieces-1-drap-plat-180-x-290-cm/f-117620106-uni3665884067715.html
uni3665884067722,https://www.cdiscount.com/maison/linge-maison/pack-complet-6-pieces-pour-lit-2-places-180-x-200/f-1176216-uni3665884067722.html
uni3665884067739,https://www.cdiscount.com/maison/linge-maison/pack-complet-6-pieces-pour-lit-2-places-180-x-200/f-1176216-uni3665884067739.html
uni3665884067753,https://www.cdiscount.com/maison/linge-maison/pack-complet-6-pieces-pour-lit-2-places-160-x-200/f-1176216-uni3665884067753.html
uni3665884067760,https://www.cdiscount.com/maison/linge-maison/pack-complet-6-pieces-pour-lit-2-places-180-x-200/f-1176216-uni3665884067760.html
uni3665884067777,https://www.cdiscount.com/maison/linge-maison/pack-complet-6-pieces-pour-lit-2-places-160-x-200/f-1176216-uni3665884067777.html
uni3665884067784,https://www.cdiscount.com/maison/linge-maison/pack-complet-6-pieces-pour-lit-2-places-140-x-190/f-1176216-uni3665884067784.html
uni3665884067791,https://www.cdiscount.com/maison/linge-maison/pack-complet-6-pieces-pour-lit-2-places-180-x-200/f-1176216-uni3665884067791.html
uni3665884067814,https://www.cdiscount.com/maison/linge-maison/pack-complet-6-pieces-pour-lit-2-places-140-x-190/f-1176216-uni3665884067814.html
uni3665884067845,https://www.cdiscount.com/maison/linge-maison/pack-complet-6-pieces-pour-lit-2-places-180-x-200/f-1176216-uni3665884067845.html
uni3665884067852,https://www.cdiscount.com/maison/linge-maison/pack-complet-6-pieces-pour-lit-2-places-140-x-190/f-1176216-uni3665884067852.html
uni3665884067883,https://www.cdiscount.com/maison/linge-maison/pack-complet-6-pieces-pour-lit-2-places-140-x-190/f-1176216-uni3665884067883.html
uni3665884067906,https://www.cdiscount.com/maison/linge-maison/housse-de-couette-140-x-200-cm-1-taie-d-oreiller/f-1176216-uni3665884067906.html
uni3665884067913,https://www.cdiscount.com/maison/linge-maison/pack-complet-6-pieces-pour-lit-2-places-140-x-190/f-1176216-uni3665884067913.html
uni3665884067920,https://www.cdiscount.com/maison/linge-maison/housse-de-couette-140-x-200-cm-1-taie-d-oreiller/f-1176216-uni3665884067920.html
uni3665884067944,https://www.cdiscount.com/maison/linge-maison/pack-complet-6-pieces-pour-lit-2-places-160-x-200/f-117620106-uni3665884067944.html
uni3665884067951,https://www.cdiscount.com/maison/linge-maison/parure-de-draps-3-pieces-1-drap-plat-180-x-290-cm/f-117620106-uni3665884067951.html
uni3665884067982,https://www.cdiscount.com/maison/linge-maison/parure-de-draps-3-pieces-1-drap-plat-180-x-290-cm/f-117620106-uni3665884067982.html
uni3665884068002,https://www.cdiscount.com/maison/linge-maison/parure-de-draps-3-pieces-1-drap-plat-180-x-290-cm/f-1176216-uni3665884068002.html
uni3665884068019,https://www.cdiscount.com/maison/linge-maison/pack-complet-6-pieces-pour-lit-2-places-180-x-200/f-1176216-uni3665884068019.html
uni3665884068033,https://www.cdiscount.com/maison/linge-maison/parure-de-draps-4-pieces-1-drap-plat-240-x-300-cm/f-117620106-uni3665884068033.html
uni3665884068040,https://www.cdiscount.com/maison/linge-maison/parure-de-draps-3-pieces-1-drap-plat-180-x-290-cm/f-117620106-uni3665884068040.html
uni3665884068064,https://www.cdiscount.com/maison/linge-maison/parure-de-draps-3-pieces-1-drap-plat-180-x-290-cm/f-117620106-uni3665884068064.html
uni3665884068071,https://www.cdiscount.com/maison/linge-maison/pack-complet-6-pieces-pour-lit-2-places-140-x-190/f-1176216-uni3665884068071.html
uni3665884068088,https://www.cdiscount.com/maison/linge-maison/pack-complet-6-pieces-pour-lit-2-places-160-x-200/f-1176216-uni3665884068088.html
uni3665884068118,https://www.cdiscount.com/maison/linge-maison/pack-complet-6-pieces-pour-lit-2-places-140-x-190/f-1176216-uni3665884068118.html
uni3665884068125,https://www.cdiscount.com/maison/linge-maison/parure-de-draps-3-pieces-1-drap-plat-180-x-290-cm/f-117620106-uni3665884068125.html
uni3665884068163,https://www.cdiscount.com/maison/linge-maison/parure-de-draps-3-pieces-1-drap-plat-180-x-290-cm/f-117620106-uni3665884068163.html
uni3665884068187,https://www.cdiscount.com/maison/linge-maison/pack-complet-6-pieces-pour-lit-2-places-140-x-190/f-1176216-uni3665884068187.html
uni3665884068194,https://www.cdiscount.com/maison/linge-maison/pack-complet-6-pieces-pour-lit-2-places-160-x-200/f-117620106-uni3665884068194.html
uni3665884068200,https://www.cdiscount.com/maison/linge-maison/pack-complet-6-pieces-pour-lit-2-places-160-x-200/f-1176216-uni3665884068200.html
uni3665884070340,https://www.cdiscount.com/maison/linge-maison/lot-de-2-serviettes-invite-eponge-spa-30-x-50-cm/f-117620301-uni3665884070340.html
uni3665884070357,https://www.cdiscount.com/maison/linge-maison/serviette-de-toilette-eponge-spa-50-x-100-cm-4/f-117620301-uni3665884070357.html
uni3665884070364,https://www.cdiscount.com/maison/linge-maison/drap-de-douche-spa-70-x-140-cm-400-gr-m2-sp/f-117620301-uni3665884070364.html
uni3665884070388,https://www.cdiscount.com/maison/linge-maison/serviette-de-toilette-eponge-spa-50-x-100-cm-4/f-117620301-uni3665884070388.html
uni3665884070401,https://www.cdiscount.com/maison/linge-maison/pack-complet-eponge-10-pieces-spa-salle-de-bain/f-117620301-uni3665884070401.html
uni3665884070418,https://www.cdiscount.com/maison/tapis/tapis-de-bain-eponge-spa-50-x-80-cm-950-gr-m2/f-1172509-uni3665884070418.html
uni3665884070425,https://www.cdiscount.com/maison/linge-maison/drap-de-douche-spa-70-x-140-cm-400-gr-m2-sp/f-117620301-uni3665884070425.html
uni3665884070432,https://www.cdiscount.com/maison/linge-maison/lot-de-2-serviettes-invite-eponge-spa-30-x-50-cm/f-117620301-uni3665884070432.html
uni3665884070449,https://www.cdiscount.com/maison/linge-maison/drap-de-bain-spa-90-x-150-cm-400-gr-m2-spa/f-117620301-uni3665884070449.html
uni3665884070456,https://www.cdiscount.com/maison/linge-maison/pack-complet-eponge-10-pieces-spa-salle-de-bain/f-117620301-uni3665884070456.html
uni3665884070463,https://www.cdiscount.com/maison/linge-maison/drap-de-bain-spa-90-x-150-cm-400-gr-m2-spa/f-117620301-uni3665884070463.html
uni3665884070470,https://www.cdiscount.com/maison/linge-maison/pack-complet-eponge-10-pieces-spa-salle-de-bain/f-117620301-uni3665884070470.html
uni3665884070494,https://www.cdiscount.com/maison/linge-maison/lot-de-2-serviettes-invite-eponge-spa-30-x-50-cm/f-117620301-uni3665884070494.html
uni3665884070500,https://www.cdiscount.com/maison/linge-maison/drap-de-douche-spa-70-x-140-cm-400-gr-m2-sp/f-117620301-uni3665884070500.html
uni3665884070531,https://www.cdiscount.com/maison/linge-maison/serviette-de-toilette-eponge-spa-50-x-100-cm-4/f-117620301-uni3665884070531.html
uni3665884070548,https://www.cdiscount.com/maison/tapis/tapis-de-bain-eponge-spa-50-x-80-cm-950-gr-m2/f-1172509-uni3665884070548.html
uni3665884070920,https://www.cdiscount.com/maison/linge-maison/lot-de-6-serviettes-invite-eponge-spa-30-x-50-cm/f-117620301-uni3665884070920.html
uni3665884070937,https://www.cdiscount.com/maison/linge-maison/lot-de-6-serviettes-invite-eponge-spa-30-x-50-cm/f-117620301-uni3665884070937.html
uni3665884070944,https://www.cdiscount.com/maison/linge-maison/lot-de-6-serviettes-invite-eponge-spa-30-x-50-cm/f-117620301-uni3665884070944.html
uni3665884070951,https://www.cdiscount.com/maison/linge-maison/lot-de-6-serviettes-invite-eponge-spa-30-x-50-cm/f-117620301-uni3665884070951.html
uni3701071164239,https://www.cdiscount.com/maison/linge-maison/protege-matelas-impermeables-absorbant-et-anti-ac/f-11762011202-uni3701071164239.html
vap8007411011658,https://www.cdiscount.com/electromenager/aspirateurs-nettoyeurs/nettoyeur-vapeur-vaporetto-pro-95-turbo-flex/f-1101402-vap8007411011658.html
vap8007411012716,https://www.cdiscount.com/electromenager/aspirateurs-nettoyeurs/polti-vaporetto-3-clean-blue-balai-vapeur-et-aspi/f-1101402-vap8007411012716.html
vas0194343010755,https://www.cdiscount.com/maison/meubles-mobilier/meuble-a-chaussures-vasagle-2-abattants-60-x/f-1176018-vas0194343010755.html
vas0194343010885,https://www.cdiscount.com/maison/meubles-mobilier/vasagle-lot-de-2-tables-basses-gigognes-tables-d-a/f-117600104-vas0194343010885.html
vas0194343011202,https://www.cdiscount.com/maison/meubles-mobilier/vasagle-buffet-de-cuisine-a-portes-coulissantes-1/f-117600315-vas0194343011202.html
vas0194343012643,https://www.cdiscount.com/maison/meubles-mobilier/vasagle-banc-a-chaussures-siege-rembourre-avec-t/f-1176018-vas0194343012643.html
vas0194343012728,https://www.cdiscount.com/maison/meubles-mobilier/vasagle-meuble-a-chaussures-a-3-abattants-etagere/f-1176018-vas0194343012728.html
vas0194343013176,https://www.cdiscount.com/maison/meubles-mobilier/vasagle-table-basse-facon-marbre-support-en-verr/f-117600104-vas0194343013176.html
vas0194343013497,https://www.cdiscount.com/maison/meubles-mobilier/vasagle-ensemble-table-a-manger-et-2-bancs-110-x/f-11760090305-vas0194343013497.html
vas0194343013954,https://www.cdiscount.com/maison/decoration-accessoires/songmics-armoire-a-bijoux-pivotante-a-360deg-avec/f-117635212-vas0194343013954.html
vas0194343014357,https://www.cdiscount.com/maison/meubles-mobilier/vasagle-desserte-de-cuisine-a-3-etageres-etagere/f-117600301-vas0194343014357.html
vas0194343014654,https://www.cdiscount.com/maison/meubles-mobilier/vasagle-lit-adulte-140-x-190-cm-en-metal-structur/f-117601503-vas0194343014654.html
vas0194343015316,https://www.cdiscount.com/maison/meubles-mobilier/vasagle-vestiaire-meuble-d-entree-avec-crochets/f-117600708-vas0194343015316.html
vas0194343018140,https://www.cdiscount.com/maison/meubles-mobilier/vasagle-buffet-2-portes-en-verre-transparentes-av/f-117600902-vas0194343018140.html
vas0194343018157,https://www.cdiscount.com/maison/meubles-mobilier/buffet-vasagle-style-industriel-placard-3-port/f-117600902-vas0194343018157.html
vas0194343020648,https://www.cdiscount.com/maison/meubles-mobilier/vasagle-lit-90-x-190-cm-structure-de-lit-en-metal/f-117601503-vas0194343020648.html
vas0194343020655,https://www.cdiscount.com/maison/meubles-mobilier/vasagle-lit-adulte-140-x-190-cm-structure-de-lit/f-117601503-vas0194343020655.html
vas0194343022147,https://www.cdiscount.com/maison/meubles-mobilier/vasagle-buffet-avec-tiroir-portes-120-x-30-x-80/f-117600315-vas0194343022147.html
vas0194343022376,https://www.cdiscount.com/maison/meubles-mobilier/vasagle-meuble-de-rangement-avec-porte-70-x-30-x/f-117600902-vas0194343022376.html
vas0194343022390,https://www.cdiscount.com/maison/meubles-mobilier/vasagle-buffet-avec-2-portes-coulissantes-100-x-3/f-117600902-vas0194343022390.html
vas0194343022635,https://www.cdiscount.com/maison/meubles-mobilier/vasagle-meuble-de-salle-de-bain-avec-3-tiroirs-2/f-11760040103-vas0194343022635.html
vas0194343022994,https://www.cdiscount.com/maison/meubles-mobilier/vasagle-desserte-de-cuisine/f-117600301-vas0194343022994.html
vas0194343024035,https://www.cdiscount.com/maison/rangement/caisson-de-bureau-41-x-40-2-x-107-9-cm-style-ind/f-117991704-vas0194343024035.html
vas0194343024363,https://www.cdiscount.com/maison/meubles-mobilier/vasagle-bibliotheque-8-compartiments-etagere-livr/f-117600704-vas0194343024363.html
vas0194343025254,https://www.cdiscount.com/maison/meubles-mobilier/vasagle-coiffeuse-avec-tabouret-avec-3-miroirs-3/f-117600214-vas0194343025254.html
vas0194343025285,https://www.cdiscount.com/maison/meubles-mobilier/vasagle-buffet-avec-2-portes-coulissantes-100-x-3/f-117600902-vas0194343025285.html
vas0194343025704,https://www.cdiscount.com/maison/meubles-mobilier/vasagle-buffet-de-cuisine-avec-tiroir-etagere-60/f-117600315-vas0194343025704.html
vas0194343025735,https://www.cdiscount.com/maison/meubles-mobilier/vasagle-table-basse-avec-2-tiroirs-100-x-55-x-45/f-117600104-vas0194343025735.html
vas0194343027548,https://www.cdiscount.com/maison/meubles-mobilier/vasagle-buffet-de-cuisine-avec-porte-2-compartime/f-117600315-vas0194343027548.html
vas0194343028958,https://www.cdiscount.com/maison/meubles-mobilier/vasagle-porte-manteau-sur-pieds-vestiaire-industri/f-117600708-vas0194343028958.html
vas0194343029214,https://www.cdiscount.com/maison/meubles-mobilier/vasagle-meuble-salle-de-bain-rangement-2-tiroirs/f-11760040103-vas0194343029214.html
vas0194343030753,https://www.cdiscount.com/maison/meubles-mobilier/vasagle-bibliotheque-etagere-de-rangement-10-comp/f-117600704-vas0194343030753.html
vas0194343030944,https://www.cdiscount.com/maison/meubles-mobilier/vasagle-meuble-de-rangement-3-niveaux-bibliothequ/f-117600704-vas0194343030944.html
vas0194343031293,https://www.cdiscount.com/maison/meubles-mobilier/vasagle-meuble-d-entree-avec-banc-9-crochets-et-e/f-117600708-vas0194343031293.html
vas0194343031491,https://www.cdiscount.com/maison/meubles-mobilier/vasagle-bibliotheque-etagere-a-4-niveaux-meuble/f-117600704-vas0194343031491.html
vas0194343031590,https://www.cdiscount.com/maison/meubles-mobilier/vasagle-vestiaire-d-entree-porte-manteaux-avec-b/f-117600708-vas0194343031590.html
vas0194343031880,https://www.cdiscount.com/maison/meubles-mobilier/vasagle-portemanteau-meuble-d-entree-vestiaire-p/f-117600708-vas0194343031880.html
vas0194343032863,https://www.cdiscount.com/maison/meubles-mobilier/vasagle-meuble-tv-rangement-tv-jusqu-a-65-pouces/f-117600105-vas0194343032863.html
vas0194343033709,https://www.cdiscount.com/maison/meubles-mobilier/vasagle-bibliotheque-etagere-de-rangement-a-6-niv/f-117600704-vas0194343033709.html
vas0194343033761,https://www.cdiscount.com/maison/meubles-mobilier/vasagle-meuble-salle-de-bain-colonne-rangement-a/f-11760040103-vas0194343033761.html
vas0194343034546,https://www.cdiscount.com/maison/meubles-mobilier/vasagle-porte-manteaux-vestiaire-meuble-d-entree/f-117600708-vas0194343034546.html
vas0194343034669,https://www.cdiscount.com/maison/meubles-mobilier/vestiaire-meuble-d-entree-avec-etagere-chaussures/f-117600708-vas0194343034669.html
vas0194343034676,https://www.cdiscount.com/maison/meubles-mobilier/vasagle-porte-manteau-vestiaire-d-entree-33-7-x/f-117600708-vas0194343034676.html
vas0194343035024,https://www.cdiscount.com/maison/meubles-mobilier/buffet-de-cuisine-vasagle-2-portes-coulissante/f-117600902-vas0194343035024.html
vas0194343035406,https://www.cdiscount.com/maison/meubles-mobilier/vasagle-porte-manteau-meuble-d-entree-vestiaire/f-117600708-vas0194343035406.html
VAS0194343042060,https://www.cdiscount.com/maison/achat-meuble-literie/sommier-tapissier-140x190cm-frixovel-sommiers-a/f-1175527-VAS0194343042060.html
vas0194343042251,https://www.cdiscount.com/maison/meubles-mobilier/vasagle-table-basse-table-de-salon-avec-plateau-r/f-117600104-vas0194343042251.html
vas0194343042565,https://www.cdiscount.com/maison/meubles-mobilier/buffet-de-cuisine-avec-porte-coulissante-70-x-30/f-117600315-vas0194343042565.html
vas0194343043159,https://www.cdiscount.com/maison/meubles-mobilier/meuble-salle-de-bain-rangement-avec-4-tiroirs-pl/f-117600401-vas0194343043159.html
vas0194343049793,https://www.cdiscount.com/maison/meubles-mobilier/songmics-boites-a-chaussures-lot-de-12-rangement/f-1176018-vas0194343049793.html
vas0194343100906,https://www.cdiscount.com/maison/meubles-mobilier/vasagle-meuble-d-entree-grand-porte-manteaux-avec/f-117600708-vas0194343100906.html
vas0194343105918,https://www.cdiscount.com/maison/meubles-mobilier/vasagle-desserte-style-industriel-chariot-de-cuis/f-117600301-vas0194343105918.html
vas0194343106496,https://www.cdiscount.com/maison/meubles-mobilier/vasagle-buffet-de-cuisine-2-portes-60-x-35-x-125/f-117600315-vas0194343106496.html
vas0194343107769,https://www.cdiscount.com/maison/meubles-mobilier/vasagle-coiffeuse-miroir-2-tiroirs-sans-taboure/f-117600214-vas0194343107769.html
vas0194343107776,https://www.cdiscount.com/maison/meubles-mobilier/vasagle-coiffeuse-avec-miroir-et-led-2-tiroirs-3/f-117600214-vas0194343107776.html
vas0194343107783,https://www.cdiscount.com/maison/meubles-mobilier/vasagle-coiffeuse-avec-miroir-2-tiroirs-et-3-comp/f-117600214-vas0194343107783.html
vas0194343109053,https://www.cdiscount.com/maison/meubles-mobilier/vasagle-bibliotheque-etagere-de-rangement-style-i/f-117600125-vas0194343109053.html
vas0194343109268,https://www.cdiscount.com/maison/meubles-mobilier/vasagle-bibliotheque-a-8-compartiments-meuble-de/f-117600704-vas0194343109268.html
vas1685071861070,https://www.cdiscount.com/maison/meubles-mobilier/vasagle-buffet-avec-3-portes-110-x-33-x-75-cm-st/f-117600902-vas1685071861070.html
vas1685353381122,https://www.cdiscount.com/maison/meubles-mobilier/vasagle-meuble-mural-salle-de-bain-avec-etagere-re/f-117600401-vas1685353381122.html
vas1686647713533,https://www.cdiscount.com/maison/meubles-mobilier/coffre-de-rangement-avec-2-charnieres-de-securite/f-1176018-vas1686647713533.html
vas1686811646206,https://www.cdiscount.com/maison/meubles-mobilier/vestiaire-meuble-d-entree-avec-banc-9-crochets/f-117600708-vas1686811646206.html
vas1687691325509,https://www.cdiscount.com/maison/meubles-mobilier/banc-a-chaussures-assise-rembourree-et-15-compart/f-1176018-vas1687691325509.html
vas1688027061866,https://www.cdiscount.com/maison/meubles-mobilier/commode-avec-6-tiroirs-en-tissu-cadre-en-acier-8/f-117600211-vas1688027061866.html
vas1688093961993,https://www.cdiscount.com/maison/meubles-mobilier/etagere-de-cuisine-ilot-de-cuisine-avec-support-m/f-117600301-vas1688093961993.html
vas1688121690831,https://www.cdiscount.com/maison/meubles-mobilier/porte-manteau-meuble-d-entree-vestiaire-avec-9/f-117600708-vas1688121690831.html
vas1694142840331,https://www.cdiscount.com/maison/meubles-mobilier/desserte-de-cuisine-avec-2-paniers-metalliques-en/f-117600301-vas1694142840331.html
vas1694505376268,https://www.cdiscount.com/maison/meubles-mobilier/desserte-de-cuisine-5-niveaux-avec-roulettes-c/f-117600301-vas1694505376268.html
vas1695622295781,https://www.cdiscount.com/maison/meubles-mobilier/coiffeuse-avec-grand-miroir-2-tiroirs-et-3-compar/f-117600214-vas1695622295781.html
vas1695789188590,https://www.cdiscount.com/maison/meubles-mobilier/structure-de-lit-double-en-metal-140-x-200-cm-av/f-117601503-vas1695789188590.html
vas1695871514219,https://www.cdiscount.com/maison/meubles-mobilier/armoire-de-salle-de-bain-avec-2-tiroirs-et-3-comp/f-11760040103-vas1695871514219.html
vas1699597940417,https://www.cdiscount.com/maison/meubles-mobilier/buffet-avec-2-portes-et-2-tiroirs-etagere-reglabl/f-117600902-vas1699597940417.html
vas1699605087586,https://www.cdiscount.com/maison/meubles-mobilier/desserte-de-cuisine-avec-multiprise-avec-panneau/f-117600301-vas1699605087586.html
vas1699947820484,https://www.cdiscount.com/maison/meubles-mobilier/meuble-a-chaussures-3-portes-battantes-compartime/f-1176018-vas1699947820484.html
vas1699959596064,https://www.cdiscount.com/maison/meubles-mobilier/coiffeuse-grand-miroir-led-7-compartiments-ouver/f-117600214-vas1699959596064.html
vas1700538854007,https://www.cdiscount.com/maison/meubles-mobilier/bibliotheque-5-niveaux-en-verre-trempe-dessus-ar/f-117600125-vas1700538854007.html
vas1701067294037,https://www.cdiscount.com/maison/meubles-mobilier/banc-a-chaussures-pu-avec-coutures-style-moderne/f-1176018-vas1701067294037.html
vas1701682189473,https://www.cdiscount.com/maison/meubles-mobilier/table-basse-facon-marbre-support-en-verre-trempe/f-117600104-vas1701682189473.html
vas1705476674613,https://www.cdiscount.com/maison/meubles-mobilier/desserte-de-cuisine-40-x-72-x-86-cm-marron-turqu/f-117600301-vas1705476674613.html
vas1706085340602,https://www.cdiscount.com/maison/meubles-mobilier/desserte-de-cuisine-avec-panier-en-grillage-et-cr/f-117600301-vas1706085340602.html
vas1707120913385,https://www.cdiscount.com/maison/meubles-mobilier/buffet-de-cuisine-avec-2-portes-coulissantes-33/f-117600315-vas1707120913385.html
vas1707190224874,https://www.cdiscount.com/maison/meubles-mobilier/porte-manteau-et-banc-pour-chaussures-multifoncti/f-117600708-vas1707190224874.html
vas1708661344769,https://www.cdiscount.com/maison/meubles-mobilier/desserte-de-cuisine-avec-prise-de-courant-4-prise/f-117600301-vas1708661344769.html
vas2008692401615,https://www.cdiscount.com/maison/meubles-mobilier/vasagle-bureau-d-angle-industriel-138-x-138-x-75/f-117600601-vas2008692401615.html
vas6955880303144,https://www.cdiscount.com/maison/meubles-mobilier/vasagle-etagere-de-cuisine-armature-en-fer-1-pan/f-117600301-vas6955880303144.html
vas6955880328468,https://www.cdiscount.com/maison/meubles-mobilier/vasagle-meuble-de-salle-de-bain-60-x-30-x-80-cm/f-117600401-vas6955880328468.html
vas6955880328512,https://www.cdiscount.com/maison/rangement/etagere-murale-115-cm-blanche-blanc/f-117993201-vas6955880328512.html
vas6955880341115,https://www.cdiscount.com/maison/meubles-mobilier/vasagle-meuble-a-chaussures-de-10-compartiments/f-1176018-vas6955880341115.html
vas6955880343973,https://www.cdiscount.com/maison/meubles-mobilier/meuble-a-chaussures-vasagle-2-abattants-blan/f-1176018-vas6955880343973.html
vas6955880344222,https://www.cdiscount.com/maison/meubles-mobilier/vasagle-meuble-a-chaussures-etagere-de-rangement/f-1176018-vas6955880344222.html
vas6955880358458,https://www.cdiscount.com/maison/decoration-accessoires/vasagle-meuble-armoirede-rangement-3-niveaux-70-x/f-1176352-vas6955880358458.html
vas6955880359080,https://www.cdiscount.com/maison/meubles-mobilier/bibliotheque-style-industriel-74-x-30-x-154-5-cm-e/f-117600704-vas6955880359080.html
vas6955880359103,https://www.cdiscount.com/maison/meubles-mobilier/vasagle-vestiaire-de-style-industriel-porte-mante/f-117600708-vas6955880359103.html
vas6955880359288,https://www.cdiscount.com/maison/meubles-mobilier/vasagle-grand-porte-manteaux-de-style-industriel/f-117600708-vas6955880359288.html
vas6955880359530,https://www.cdiscount.com/maison/meubles-mobilier/bureau-industriel-2-etageres-armature-metallique-1/f-117600601-vas6955880359530.html
vas6955880399383,https://www.cdiscount.com/maison/meubles-mobilier/vasagle-desserte-de-cuisine-90x40x134-cm-avec-su/f-117600301-vas6955880399383.html
vat0727152275390,https://www.cdiscount.com/juniors/radiocommande-robot/voiture-telecommandee-4wd-voiture-thermique-rc-26/f-12085-vat0727152275390.html
vat0750250863695,https://www.cdiscount.com/juniors/jeux-de-societe-cartes/vatos-toys-machine-de-jeu-filles-jeu-de-correspo/f-12079-vat0750250863695.html
vat0750250863701,https://www.cdiscount.com/juniors/mini-univers/vatos-camion-de-transport-toy-car-pour-3-ans-garco/f-12066-vat0750250863701.html
vat0782846238730,https://www.cdiscount.com/juniors/maquette-modelisme/jeu-de-construction-pour-filles-chateau-de-prince/f-12084-vat0782846238730.html
vat0782846238952,https://www.cdiscount.com/juniors/radiocommande-robot/vatos-helicoptere-telecommande-rc-enfants-avion-g/f-12085-vat0782846238952.html
vat0782846238969,https://www.cdiscount.com/juniors/radiocommande-robot/vatos-helicoptere-telecommande-rc-enfants-avion-g/f-12085-vat0782846238969.html
vat0782846975543,https://www.cdiscount.com/juniors/jeux-de-societe-cartes/vatos-jeu-taupe-mini-jeu-d-arcade-electronique-je/f-12079-vat0782846975543.html
vat0783746271827,https://www.cdiscount.com/juniors/maquette-modelisme/vatos-robot-stem-jouet-25-en-1-kit-de-construction/f-12084-vat0783746271827.html
vat0783746271834,https://www.cdiscount.com/juniors/mini-univers/vatos-robot-stem-jouet-25-en-1-kit-de-construction/f-1206623-vat0783746271834.html
vat1685082979792,https://www.cdiscount.com/juniors/mini-univers/vatos-2-4ghz-rc-bateau-pour-enfants-mini-bateau-te/f-12066-vat1685082979792.html
vat1685084146289,https://www.cdiscount.com/juniors/maquette-modelisme/vatos-blocs-de-construction-magnetiques-jouet-mont/f-12084-vat1685084146289.html
vat1685420170635,https://www.cdiscount.com/juniors/maquette-modelisme/vatos-rc-voiture-stem-jouets-de-construction-telec/f-12084-vat1685420170635.html
vat1691483839634,https://www.cdiscount.com/juniors/radiocommande-robot/vatos-set-ingenierie-pistes-de-course-voitures/f-12085-vat1691483839634.html
vat1693992097847,https://www.cdiscount.com/juniors/maquette-modelisme/hogokids-voiture-rc-transformable-2-en-1-blocs-de/f-12084-vat1693992097847.html
vat1694072499325,https://www.cdiscount.com/juniors/maquette-modelisme/vatos-vehicule-d-ingenierie-jouet-de-construction/f-12084-vat1694072499325.html
vat1694144896071,https://www.cdiscount.com/juniors/maquette-modelisme/vatos-jeu-de-construction-361pcs-jouet-2-model/f-12084-vat1694144896071.html
vat1694576153362,https://www.cdiscount.com/juniors/maquette-modelisme/vatos-navette-spatiale-a-construire/f-12084-vat1694576153362.html
vat1698285327837,https://www.cdiscount.com/juniors/plein-air/vatos-camion-transporteur-de-voitures-dinosaure-ca/f-1200442-vat1698285327837.html
ven1685750541439,https://www.cdiscount.com/bricolage/sanitaire-salle-de-bain/vasque-a-poser-carree-en-beton-l39-x-l39-cm-st/f-1661004-ven1685750541439.html
ven1686271495853,https://www.cdiscount.com/maison/tapis/tapis-de-couloir-en-vinyle-effet-carreaux-de-cimen/f-1172518-ven1686271495853.html
ven1686874258273,https://www.cdiscount.com/bricolage/sanitaire-salle-de-bain/receveur-a-carreler-en-polystyrene-extrude-160-x/f-166100202-ven1686874258273.html
ven1686874304562,https://www.cdiscount.com/bricolage/sanitaire-salle-de-bain/vasque-a-poser-ronde-dore-brosse-38-cm-decha/f-1661004-ven1686874304562.html
ven1687306599247,https://www.cdiscount.com/maison/meubles-mobilier/vestiaire-avec-1-porte-2-niches-et-1-miroir-bla/f-117600708-ven1687306599247.html
ven1693615203244,https://www.cdiscount.com/maison/meubles-mobilier/buffet-avec-3-portes-noir-effet-marbre-noir-et/f-117600902-ven1693615203244.html
ven1694047056380,https://www.cdiscount.com/maison/decoration-accessoires/miroir-sur-pied-avec-2-etageres-metal-l-46-x-p/f-117634006-ven1694047056380.html
ven1697069532885,https://www.cdiscount.com/maison/lampes/suspension-en-cuivre-mat-et-globe-en-verre-d-28/f-1170206-ven1697069532885.html
ven1697156502916,https://www.cdiscount.com/maison/lampes/suspension-led-design-en-aluminium-l-118-5-cm/f-1170206-ven1697156502916.html
ven1697242307911,https://www.cdiscount.com/maison/lampes/suspension-led-en-metal-et-aluminium-4-spots-l/f-1170206-ven1697242307911.html
ven1697242337891,https://www.cdiscount.com/maison/lampes/suspension-led-anneau-en-metal-d-60-cm-blanc/f-1170206-ven1697242337891.html
ven1697242495815,https://www.cdiscount.com/maison/lampes/applique-led-en-aluminium-d-10-x-h-10-cm-noir/f-1170233-ven1697242495815.html
ven1697329183364,https://www.cdiscount.com/maison/lampes/applique-de-salle-de-bain-led-en-aluminium-3-spot/f-1170233-ven1697329183364.html
ven1697329256124,https://www.cdiscount.com/maison/lampes/suspension-design-led-aluminium-et-metal-d-65/f-1170206-ven1697329256124.html
ven1697329321928,https://www.cdiscount.com/maison/decoration-accessoires/applique-de-salle-de-bain-led-en-metal-l-30-cm/f-117634006-ven1697329321928.html
ven1698736264644,https://www.cdiscount.com/bricolage/sanitaire-salle-de-bain/baignoire-ilot-retro-avec-pieds-de-lion-dores-2/f-1661003-ven1698736264644.html
ven1699409152872,https://www.cdiscount.com/bricolage/sanitaire-salle-de-bain/robinet-mitigeur-mecanique-arrondi-en-inox-color/f-166100103-ven1699409152872.html
ven1699409241081,https://www.cdiscount.com/bricolage/sanitaire-salle-de-bain/robinet-mitigeur-mecanique-arrondi-en-inox-brosse/f-166100103-ven1699409241081.html
ven1699409245051,https://www.cdiscount.com/maison/meubles-mobilier/meuble-sous-vasque-suspendu-coloris-naturel-clai/f-11760040104-ven1699409245051.html
ven1699409291913,https://www.cdiscount.com/maison/meubles-mobilier/meuble-sous-vasque-suspendu-coloris-blanc-l150/f-11760040104-ven1699409291913.html
ven1699580262149,https://www.cdiscount.com/maison/meubles-mobilier/meuble-sous-vasque-suspendu-strie-naturel-clair/f-117600401-ven1699580262149.html
ven1699580439235,https://www.cdiscount.com/maison/meubles-mobilier/meuble-sous-vasque-suspendu-strie-naturel-clair/f-11760040104-ven1699580439235.html
ven1700524650509,https://www.cdiscount.com/bricolage/sanitaire-salle-de-bain/lx-moteur-baignoire-balneo-d-angle-vitree-evelina/f-1661003-ven1700524650509.html
ven1701129363300,https://www.cdiscount.com/maison/lampes/lampadaire-style-vintage-en-metal-h-154-cm-noi/f-1170232-ven1701129363300.html
ven1701129413099,https://www.cdiscount.com/maison/lampes/suspension-courbee-design-en-metal-l-60-x-p-41/f-1170206-ven1701129413099.html
ven1701391355719,https://www.cdiscount.com/bricolage/sanitaire-salle-de-bain/colonne-de-douche-hydromassante-thermostatique-a-l/f-166100106-ven1701391355719.html
ven1701820830292,https://www.cdiscount.com/bricolage/chauffage/serviteur-de-cheminee-4-outils-en-laiton-dore-l/f-166120307-ven1701820830292.html
ven1702079790489,https://www.cdiscount.com/bricolage/sanitaire-salle-de-bain/baignoire-ilot-design-blanche-225l-170-x-83-x/f-1661003-ven1702079790489.html
ven1702770795299,https://www.cdiscount.com/bricolage/sanitaire-salle-de-bain/cabine-de-douche-installation-reversible-hauteur/f-166100201-ven1702770795299.html
ven1702770812696,https://www.cdiscount.com/bricolage/sanitaire-salle-de-bain/cabine-de-douche-rectangulaire-installation-reve/f-166100201-ven1702770812696.html
ven1702857480236,https://www.cdiscount.com/bricolage/sanitaire-salle-de-bain/cabine-de-douche-hydromassante-rectangulaire-avec/f-166100201-ven1702857480236.html
ven1704758262458,https://www.cdiscount.com/bricolage/sanitaire-salle-de-bain/receveur-a-poser-ou-encastrer-en-resine-blanc/f-166100202-ven1704758262458.html
ven1704758380511,https://www.cdiscount.com/bricolage/sanitaire-salle-de-bain/receveur-a-poser-ou-encastrer-en-resine-noir-1/f-166100202-ven1704758380511.html
ven1706090379206,https://www.cdiscount.com/bricolage/sanitaire-salle-de-bain/vasque-a-poser-ronde-en-ceramique-blanc-brillant/f-1661004-ven1706090379206.html
ven1707351391949,https://www.cdiscount.com/bricolage/sanitaire-salle-de-bain/baignoire-sabot-165-l-120-x-75-x-65-cm-blanc/f-1661003-ven1707351391949.html
ven1707526048146,https://www.cdiscount.com/bricolage/sanitaire-salle-de-bain/baignoire-sabot-165-l-120-x-75-x-65-cm-noire/f-1661003-ven1707526048146.html
ven1708386228001,https://www.cdiscount.com/maison/tapis/tapis-de-couloir-en-vinyle-motif-tropical-66-x-1/f-1172518-ven1708386228001.html
ven1708386351475,https://www.cdiscount.com/maison/tapis/tapis-de-couloir-en-vinyle-effet-carreaux-de-cimen/f-1172518-ven1708386351475.html
ven1708386384406,https://www.cdiscount.com/maison/decoration-accessoires/miroir-arche-a-poser-en-metal-l-50-x-h-170-cm/f-1176340-ven1708386384406.html
ven1708386386401,https://www.cdiscount.com/auto/tapis-voiture/tapis-en-vinyle-motif-tropical-120-x-180-cm-ve/f-13382-ven1708386386401.html
ven1708386475434,https://www.cdiscount.com/maison/decoration-accessoires/miroir-arche-en-metal-l-65-x-h-80-cm-noir-m/f-1176340-ven1708386475434.html
ven1708990997983,https://www.cdiscount.com/bricolage/sanitaire-salle-de-bain/baignoire-ilot-design-201-l-150-x-70-x-58-cm/f-1661003-ven1708990997983.html
ven1709082613740,https://www.cdiscount.com/bricolage/menuiserie/pilier-pour-portail-en-aluminium-l15-cm-x-h190-c/f-166150102-ven1709082613740.html
ven1709768843042,https://www.cdiscount.com/maison/meubles-mobilier/armoire-2-portes-l81-cm-blanc-listowel/f-117600212-ven1709768843042.html
ven1709768850692,https://www.cdiscount.com/maison/meubles-mobilier/armoire-2-portes-coulissantes-avec-miroir-l203/f-117600212-ven1709768850692.html
ven1709768926000,https://www.cdiscount.com/maison/meubles-mobilier/armoire-d-angle-3-portes-l132-cm-blanc-listo/f-117600212-ven1709768926000.html
ven1709855315916,https://www.cdiscount.com/maison/meubles-mobilier/table-de-chevet-avec-1-tiroir-et-1-niche-avec-le/f-117600208-ven1709855315916.html
ven3517920564590,https://www.cdiscount.com/auto/tapis-voiture/tapis-shaggy-pietra-turquoise-et-gris-polyester/f-13382-ven3517920564590.html
ven3517920564613,https://www.cdiscount.com/le-sport/fitness-musculation-yoga/tapis-shaggy-pietra-turquoise-et-gris-polyester/f-121041702-ven3517920564613.html
ven3517920605057,https://www.cdiscount.com/bricolage/sanitaire-salle-de-bain/paroi-de-douche-a-l-italienne-paulina-ii-serigraph/f-166100204-ven3517920605057.html
ven3517920641901,https://www.cdiscount.com/maison/tapis/tapis-shaggy-pietra-turquoise-et-gris-140cm/f-11725-ven3517920641901.html
ven3517920738793,https://www.cdiscount.com/auto/tapis-voiture/tapis-microfibre-yule-polyester-multicolore/f-13382-ven3517920738793.html
ven3517920789467,https://www.cdiscount.com/bricolage/sanitaire-salle-de-bain/vasque-de-salle-de-bain-en-marbre-lime-couleur-c/f-1661004-ven3517920789467.html
ven3517920789474,https://www.cdiscount.com/bricolage/sanitaire-salle-de-bain/vasque-de-salle-de-bain-en-marbre-marble-couleur/f-1661004-ven3517920789474.html
ven3517920827305,https://www.cdiscount.com/auto/tapis-voiture/tapis-microfibre-yule-120-x-170-cm-multicolore/f-13382-ven3517920827305.html
ven3517920850020,https://www.cdiscount.com/maison/lampes/suspension-cannage-neirobi-style-ethnique-fer/f-1170206-ven3517920850020.html
ven3517920850037,https://www.cdiscount.com/maison/lampes/lampadaire-cannage-style-ethnique-neirobi-fer-e/f-1170232-ven3517920850037.html
ven3517920863839,https://www.cdiscount.com/maison/tapis/tapis-style-berbere-marcus-100-laine-160-x-23/f-11725-ven3517920863839.html
ven3517920882779,https://www.cdiscount.com/maison/meubles-mobilier/commode-krypton-3-tiroirs-et-3-portes-coloris/f-117600211-ven3517920882779.html
ven3517920883547,https://www.cdiscount.com/maison/decoration-accessoires/miroir-fenetre-montesquieu-bois-d-eucalyptus-1/f-1176340-ven3517920883547.html
ven3517920890156,https://www.cdiscount.com/maison/meubles-mobilier/buffet-emerson-ii-leds-2-portes-3-tiroirs/f-117600902-ven3517920890156.html
ven3517920900992,https://www.cdiscount.com/bricolage/menuiserie/porte-coulissante-en-applique-h205-x-l83-cm-alumin/f-16615020101-ven3517920900992.html
ven3517920919123,https://www.cdiscount.com/maison/meubles-mobilier/commode-halo-ii-6-tiroirs-mdf-laque-avec-led/f-117600211-ven3517920919123.html
ven3517920919130,https://www.cdiscount.com/maison/meubles-mobilier/commode-halo-ii-6-tiroirs-mdf-laque-avec-led/f-117600211-ven3517920919130.html
ven3517920921058,https://www.cdiscount.com/maison/lampes/guirlande-lumineuse-guinguette-ruben-pvc-20-am/f-117022224-ven3517920921058.html
ven3517920924998,https://www.cdiscount.com/bricolage/menuiserie/portail-coulissant-ajoure-anthracite-en-aluminium/f-166150102-ven3517920924998.html
ven3517920925001,https://www.cdiscount.com/bricolage/menuiserie/portillon-battant-plein-anthracite-en-aluminium-na/f-166150102-ven3517920925001.html
ven3517920925063,https://www.cdiscount.com/bricolage/menuiserie/portail-battant-plein-anthracite-en-aluminium-naza/f-166150102-ven3517920925063.html
ven3517920925100,https://www.cdiscount.com/bricolage/menuiserie/portail-coulissant-plein-en-aluminium-anthracite-n/f-166150102-ven3517920925100.html
ven3517920950898,https://www.cdiscount.com/maison/decoration-accessoires/miroir-biseaute-avec-moulures-atalaya-bois-d-euc/f-1176340-ven3517920950898.html
ven3517920956104,https://www.cdiscount.com/maison/decoration-accessoires/miroir-fenetre-vintage-en-metal-palmyre-l-80-x/f-1176340-ven3517920956104.html
ven3517920959815,https://www.cdiscount.com/maison/decoration-accessoires/coffre-de-rangement-en-kubu-timgad-l100-x-p55-x/f-117635205-ven3517920959815.html
ven3517920974061,https://www.cdiscount.com/maison/lampes/applique-murale-cannage-style-ethnique-fer-et-ro/f-1170233-ven3517920974061.html
ven3517920974092,https://www.cdiscount.com/maison/lampes/lampadaire-ethnique-en-bambou-et-metal-noir-d-40/f-1170232-ven3517920974092.html
ven3517920976812,https://www.cdiscount.com/bricolage/sanitaire-salle-de-bain/baignoire-ilot-ovale-200-l-170-x-80-x-58-cm/f-1661003-ven3517920976812.html
ven3517920976997,https://www.cdiscount.com/bricolage/menuiserie/portail-battant-aluminium-semi-ajoure-a-motifs-l39/f-166150102-ven3517920976997.html
ven3517920982516,https://www.cdiscount.com/bricolage/menuiserie/portillon-battant-aluminium-semi-ajoure-a-motifs-l/f-166150102-ven3517920982516.html
ven3517920982639,https://www.cdiscount.com/bricolage/menuiserie/portail-coulissant-aluminium-semi-ajoure-l401-x-h1/f-166150102-ven3517920982639.html
ven3517920983452,https://www.cdiscount.com/bricolage/sanitaire-salle-de-bain/plan-vasque-suspendu-en-solid-surface-avec-niche/f-1661004-ven3517920983452.html
ven3517920984251,https://www.cdiscount.com/maison/meubles-mobilier/commode-murari-4-tiroirs-et-1-porte-blanc-bri/f-117600211-ven3517920984251.html
ven3517920984459,https://www.cdiscount.com/maison/meubles-mobilier/buffet-francoli-4-tiroirs-et-2-portes-blanc-et/f-117600902-ven3517920984459.html
ven3517920984466,https://www.cdiscount.com/maison/meubles-mobilier/buffet-haut-francoli-3-portes-et-2-niches-blan/f-117600902-ven3517920984466.html
ven3517920984695,https://www.cdiscount.com/maison/lampes/lampe-d-exterieur-portable-a-led-h-20cm-coul/f-1170228-ven3517920984695.html
ven3517920985548,https://www.cdiscount.com/bricolage/sanitaire-salle-de-bain/pare-baignoire-avec-porte-serviette-en-metal-noir/f-166100307-ven3517920985548.html
ven3517920985579,https://www.cdiscount.com/bricolage/sanitaire-salle-de-bain/pare-baignoire-avec-porte-serviette-en-metal-chrom/f-166100307-ven3517920985579.html
ven3517920985623,https://www.cdiscount.com/bricolage/sanitaire-salle-de-bain/paroi-de-douche-a-l-italienne-avec-porte-coulissan/f-166100204-ven3517920985623.html
ven3517920987238,https://www.cdiscount.com/bricolage/sanitaire-salle-de-bain/baignoire-d-angle-201l-150-x-75-x-58-cm-blan/f-1661003-ven3517920987238.html
ven3517920987436,https://www.cdiscount.com/bricolage/sanitaire-salle-de-bain/paroi-de-douche-a-l-italienne-120-x-200-cm-noi/f-166100204-ven3517920987436.html
ven3517920987467,https://www.cdiscount.com/bricolage/sanitaire-salle-de-bain/paroi-de-douche-a-l-italienne-avec-porte-serviette/f-166100204-ven3517920987467.html
ven3517920989546,https://www.cdiscount.com/bricolage/menuiserie/portail-battant-aluminium-persien-l305-x-h166-cm-a/f-166150102-ven3517920989546.html
ven3611840560431,https://www.cdiscount.com/maison/tapis/tapis-en-vinyle-effet-carreaux-de-ciment-terquise/f-11725-ven3611840560431.html
ven3611840587827,https://www.cdiscount.com/maison/tapis/tapis-en-vinyle-effet-carreaux-de-ciment-palma-1/f-11725-ven3611840587827.html
ven3611840587834,https://www.cdiscount.com/maison/tapis/tapis-de-couloir-en-vinyle-effet-carreaux-de-cimen/f-1172518-ven3611840587834.html
ven3611840587872,https://www.cdiscount.com/maison/tapis/tapis-de-couloir-en-vinyle-effet-carreaux-de-cimen/f-1172518-ven3611840587872.html
ven3666471004328,https://www.cdiscount.com/maison/meubles-mobilier/armoire-2-portes-coulissantes-avec-miroir-l20/f-117600212-ven3666471004328.html
ven3666471004601,https://www.cdiscount.com/maison/meubles-mobilier/armoire-2-portes-coulissantes-avec-miroir-l203/f-117600212-ven3666471004601.html
ven3666471005394,https://www.cdiscount.com/bricolage/sanitaire-salle-de-bain/ensemble-de-douche-encastrable-avec-mitigeur-mecan/f-166100106-ven3666471005394.html
ven3666471006995,https://www.cdiscount.com/maison/meubles-mobilier/dressing-d-angle-extensible-dorian-l164-234-cm/f-117600212-ven3666471006995.html
ven3666471009361,https://www.cdiscount.com/maison/lampes/suspension-en-metal-martele-l-58-x-h-24-cm-dor/f-1170206-ven3666471009361.html
ven3666471035803,https://www.cdiscount.com/maison/meubles-mobilier/colonne-de-salle-de-bain-suspendue-taupe-l30-x/f-11760040103-ven3666471035803.html
ven3666471036596,https://www.cdiscount.com/maison/meubles-mobilier/ilot-central-de-cuisine-avec-rangements-noir-et/f-117600316-ven3666471036596.html
ven3666471048759,https://www.cdiscount.com/maison/meubles-mobilier/armoire-6-portes-et-2-tiroirs-l162-blanc-feo/f-117600212-ven3666471048759.html
ven3666471048872,https://www.cdiscount.com/bricolage/menuiserie/porte-de-garage-sectionnelle-effet-bois-anthracite/f-166150101-ven3666471048872.html
ven3666471048919,https://www.cdiscount.com/bricolage/menuiserie/porte-de-garage-sectionnelle-effet-rainure-gris-mo/f-166150101-ven3666471048919.html
ven3666471061727,https://www.cdiscount.com/bricolage/sanitaire-salle-de-bain/paroi-de-douche-avec-porte-coulissante-noir-mat-st/f-166100204-ven3666471061727.html
ven3666471067200,https://www.cdiscount.com/jardin/cloture/panneaux-de-cloture-a-poser-h-181-cm-kit-7-lames/f-1632203-ven3666471067200.html
ven3666471067217,https://www.cdiscount.com/jardin/cloture/panneaux-de-cloture-a-poser-h-181-cm-kit-7-lames/f-1632203-ven3666471067217.html
ven3666471067224,https://www.cdiscount.com/jardin/cloture/panneaux-de-cloture-a-poser-h-181-cm-kit-7-lames/f-1632203-ven3666471067224.html
ven3666471067262,https://www.cdiscount.com/jardin/cloture/panneaux-de-cloture-a-poser-h-181-cm-kit-7-lames/f-1632203-ven3666471067262.html
ven8024963433981,https://www.cdiscount.com/maison/meubles-mobilier/buffet-avec-2-portes-et-3-tiroirs-naturel-et-bla/f-117600902-ven8024963433981.html
ven8435511414015,https://www.cdiscount.com/maison/rangement/dressing-extensible-dorian-avec-rideau-l110-180/f-117991619-ven8435511414015.html
ven8435511414039,https://www.cdiscount.com/maison/rangement/dressing-extensible-dorian-avec-rideau-l110-180/f-117991619-ven8435511414039.html
ven8600608011600,https://www.cdiscount.com/maison/meubles-mobilier/armoire-sutera-2-portes-coulissantes-avec-miro/f-117600212-ven8600608011600.html
ven8681875500950,https://www.cdiscount.com/maison/lampes/suspension-en-metal-a-hauteur-reglable-ugur-d-4/f-1170206-ven8681875500950.html
ven8681875568561,https://www.cdiscount.com/maison/lampes/suspension-en-metal-a-5-globes-daisy-d-80-x-h/f-1170206-ven8681875568561.html
ven8681875575705,https://www.cdiscount.com/maison/lampes/suspension-en-metal-mezopotamya-3-abat-jours-l/f-1170206-ven8681875575705.html
ven8681875641646,https://www.cdiscount.com/maison/lampes/suspension-a-hauteur-reglable-en-metal-fellini-3/f-1170206-ven8681875641646.html
ven8681875649666,https://www.cdiscount.com/maison/lampes/applique-murale-en-metal-folina-d-50-cm-noir/f-1170233-ven8681875649666.html
ven8682870698789,https://www.cdiscount.com/maison/lampes/suspension-en-metal-avec-globe-d-18-x-h-70-cm/f-1170206-ven8682870698789.html
vic4066731029297,https://www.cdiscount.com/maison/meubles-mobilier/vicco-bureau-table-de-bricolage-table-de-travail/f-117600601-vic4066731029297.html
vid8719883914800,https://www.cdiscount.com/maison/rangement/vidaxl-armoire-a-cd-blanc-102x16x177-5-cm-bois-d-i/f-1179939-vid8719883914800.html
vid8719883914817,https://www.cdiscount.com/maison/rangement/vidaxl-armoire-a-cd-noir-102x16x177-5-cm-bois-d-in/f-1179939-vid8719883914817.html
vid8719883914831,https://www.cdiscount.com/maison/rangement/vidaxl-armoire-a-cd-chene-sonoma-102x16x177-5-cm-b/f-1179939-vid8719883914831.html
vid8720286133361,https://www.cdiscount.com/maison/meubles-mobilier/vidaxl-armoire-a-micro-ondes-blanc-60x57x207-cm-bo/f-117600212-vid8720286133361.html
vid8720286133392,https://www.cdiscount.com/maison/meubles-mobilier/vidaxl-armoire-a-micro-ondes-chene-sonoma-60x57x20/f-117600212-vid8720286133392.html
vid8720286133408,https://www.cdiscount.com/maison/meubles-mobilier/vidaxl-armoire-a-micro-ondes-gris-beton-60x57x207/f-1176003-vid8720286133408.html
vid8720286903551,https://www.cdiscount.com/maison/meubles-mobilier/vidaxl-buffets-2-pcs-blanc-bois-d-ingenierie-30980/f-117600902-vid8720286903551.html
vid8720287122326,https://www.cdiscount.com/maison/meubles-mobilier/3115772-vidaxl-buffets-2-pcs-blanc-60x30x70-cm-bo/f-117600902-vid8720287122326.html
vid8720287122500,https://www.cdiscount.com/maison/meubles-mobilier/3115790-vidaxl-buffets-2-pcs-chene-sonoma-60x30x7/f-117600902-vid8720287122500.html
vid8720287122524,https://www.cdiscount.com/maison/meubles-mobilier/3115792-vidaxl-buffets-2-pcs-blanc-brillant-60x30/f-117600902-vid8720287122524.html
vid8720287122555,https://www.cdiscount.com/maison/meubles-mobilier/3115795-vidaxl-buffets-2-pcs-chene-marron-60x30x7/f-117600902-vid8720287122555.html
vid8720845829988,https://www.cdiscount.com/maison/meubles-mobilier/vidaxl-ensemble-de-meubles-salle-de-bain-3-pcs-bla/f-117600403-vid8720845829988.html
vid8720845830014,https://www.cdiscount.com/maison/meubles-mobilier/vidaxl-ensemble-de-meubles-de-salle-de-bain-3-pcs/f-117600401-vid8720845830014.html
vid8720845830021,https://www.cdiscount.com/maison/meubles-mobilier/vidaxl-ensemble-de-meubles-de-salle-de-bain-3-pcs/f-117600403-vid8720845830021.html
vil1706226666012,https://www.cdiscount.com/bricolage/sanitaire-salle-de-bain/pack-wc-sans-bride-o-novo-avec-abattant-bati-vic/f-1661005-vil1706226666012.html
vil1706226781538,https://www.cdiscount.com/bricolage/sanitaire-salle-de-bain/pack-wc-sans-bride-subway-2-0-avec-abattant-bati/f-1661005-vil1706226781538.html
vil33601201,https://www.cdiscount.com/bricolage/sanitaire-cuisine/villeroy-et-boch-evier-architectura-60-100-x-51-cm/f-1660901-vil33601201.html
vil4047289847120,https://www.cdiscount.com/bricolage/sanitaire-cuisine/robinet-douchette-villeroy-boch-umbrella-flex-in/f-1660902-vil4047289847120.html
vil4051202951474,https://www.cdiscount.com/bricolage/sanitaire-cuisine/robinet-douchette-villeroy-boch-umbrella-flex-in/f-1660902-vil4051202951474.html
vin0600518755289,https://www.cdiscount.com/maison/rangement/etagere-micro-ondes-meuble-rangement-cuisine-multi/f-117993201-vin0600518755289.html
vis0762027822415,https://www.cdiscount.com/electromenager/aspirateurs-nettoyeurs/vistefly-v12-pro-aspirateur-balai-sans-fil-450w-4/f-1101410-vis0762027822415.html
vis1692169073818,https://www.cdiscount.com/electromenager/aspirateurs-nettoyeurs/aspirateur-balai-sans-fil-vistefly-v15-apex-4-en/f-1101410-vis1692169073818.html
vis1694608902752,https://www.cdiscount.com/maison/linge-maison/vision-parure-housse-de-couette-helena-reversi/f-1176216-vis1694608902752.html
vis1694608943489,https://www.cdiscount.com/maison/linge-maison/vision-parure-housse-de-couette-leyla-reversib/f-1176216-vis1694608943489.html
vis1694608946907,https://www.cdiscount.com/maison/linge-maison/vision-parure-housse-de-couette-leyla-reversib/f-1176216-vis1694608946907.html
vis1694608953267,https://www.cdiscount.com/maison/linge-maison/vision-flo-200x200/f-1176216-vis1694608953267.html
vis1694608964163,https://www.cdiscount.com/maison/linge-maison/vision-flo-240x260/f-1176216-vis1694608964163.html
vis1694608964820,https://www.cdiscount.com/maison/linge-maison/vision-parure-housse-de-couette-helena-reversi/f-1176216-vis1694608964820.html
vis1694608983007,https://www.cdiscount.com/maison/linge-maison/vision-parure-housse-de-couette-helena-reversi/f-1176216-vis1694608983007.html
vis1694609009494,https://www.cdiscount.com/maison/linge-maison/vision-parure-housse-de-couette-leyla-reversib/f-1176216-vis1694609009494.html
vis1694609010176,https://www.cdiscount.com/maison/linge-maison/vision-parure-housse-de-couette-helena-reversi/f-1176216-vis1694609010176.html
vis1694609036162,https://www.cdiscount.com/maison/linge-maison/vision-parure-housse-de-couette-leyla-reversib/f-1176216-vis1694609036162.html
vis5407008082147,https://www.cdiscount.com/maison/linge-maison/vision-myla-parure-housse-de-couette-200x200cm-a/f-1176216-vis5407008082147.html
vis5407008082161,https://www.cdiscount.com/maison/linge-maison/vision-isabella-jaune-parure-housse-de-couette-2/f-1176216-vis5407008082161.html
vis5407008083144,https://www.cdiscount.com/maison/linge-maison/vision-parure-de-lit-myla-housse-de-couette-24/f-1176216-vis5407008083144.html
vis5407008083168,https://www.cdiscount.com/maison/linge-maison/vision-parure-housse-de-couette-fabrizio-240x2/f-1176216-vis5407008083168.html
vis5407008083212,https://www.cdiscount.com/maison/linge-maison/vision-parure-de-lit-carlo-housse-de-couette-2/f-1176216-vis5407008083212.html
vis5407008083229,https://www.cdiscount.com/maison/linge-maison/vision-fuzzy-housse-de-couette-240x220cm-avec/f-1176216-vis5407008083229.html
vis5407008084141,https://www.cdiscount.com/maison/linge-maison/vision-parure-de-lit-myla-housse-de-couette-26/f-1176216-vis5407008084141.html
vis5407008084165,https://www.cdiscount.com/maison/linge-maison/vision-parure-de-lit-isabella-jaune-housse-de/f-1176216-vis5407008084165.html
vis5407008084226,https://www.cdiscount.com/maison/linge-maison/vision-parure-de-lit-fuzzy-housse-de-couette-2/f-1176216-vis5407008084226.html
vis5425034098130,https://www.cdiscount.com/maison/linge-maison/vision-drap-housse-flanelle-180-x-200-cm-gris/f-1176218-vis5425034098130.html
vis5425034098161,https://www.cdiscount.com/maison/linge-maison/vision-parure-de-couette-flanelle-bicolore-200-x/f-1176216-vis5425034098161.html
vis5425034098192,https://www.cdiscount.com/maison/linge-maison/vision-parure-de-couette-hugo-en-flanelle-200-x/f-11762011502-vis5425034098192.html
vis5425034098215,https://www.cdiscount.com/maison/linge-maison/vision-parure-de-couette-hugo-en-flanelle-200-x/f-1176216-vis5425034098215.html
vis5425034098239,https://www.cdiscount.com/maison/linge-maison/vision-parure-de-couette-hugo-en-flanelle-220-x/f-1176216-vis5425034098239.html
vis5425034098277,https://www.cdiscount.com/maison/linge-maison/vision-drap-housse-flanelle-160-x-200-cm-gris/f-117621804-vis5425034098277.html
vis5425034098291,https://www.cdiscount.com/maison/linge-maison/vision-drap-housse-flanelle-200-x-200-cm-gris/f-1176218-vis5425034098291.html
vis5425034098352,https://www.cdiscount.com/maison/linge-maison/vision-parure-housse-de-couette-flanelle-love-100/f-1176216-vis5425034098352.html
vis5425034098369,https://www.cdiscount.com/maison/linge-maison/vision-parure-housse-de-couette-flanelle-love-100/f-1176216-vis5425034098369.html
vis5425034098383,https://www.cdiscount.com/maison/linge-maison/vision-parure-housse-de-couette-flanelle-ours-blan/f-1176216-vis5425034098383.html
vis5425034098635,https://www.cdiscount.com/maison/linge-maison/vision-flanelle-love-gris-parure-housse-de-cou/f-1176216-vis5425034098635.html
vis5425034098642,https://www.cdiscount.com/maison/linge-maison/vision-flanelle-love-gris-parure-housse-de-cou/f-1176216-vis5425034098642.html
vis5425034098659,https://www.cdiscount.com/maison/linge-maison/vision-flanelle-love-gris-parure-housse-de-cou/f-1176216-vis5425034098659.html
vis5425034098703,https://www.cdiscount.com/maison/linge-maison/vision-flanelle-foret-parure-housse-de-couette/f-1176216-vis5425034098703.html
vis5425034098710,https://www.cdiscount.com/maison/linge-maison/vision-flanelle-foret-parure-housse-de-couett/f-1176216-vis5425034098710.html
vis5425034098727,https://www.cdiscount.com/maison/linge-maison/vision-flanelle-foret-parure-housse-de-couette/f-1176216-vis5425034098727.html
vis5425034098734,https://www.cdiscount.com/maison/linge-maison/vision-flanelle-lilola-parure-housse-de-couett/f-1176216-vis5425034098734.html
vis5425034098789,https://www.cdiscount.com/maison/linge-maison/vision-flanelle-parure-housse-de-couette-uni/f-1176216-vis5425034098789.html
vis5425034098918,https://www.cdiscount.com/maison/linge-maison/vision-flanelle-parure-housse-de-couette-uni/f-1176216-vis5425034098918.html
vit1697788879352,https://www.cdiscount.com/jardin/outillage-de-jardin/aspirateur-de-cendres-800w-4l-cendres-jusqu-a-40de/f-1632614-vit1697788879352.html
vit3663936034616,https://www.cdiscount.com/jardin/arrosage/pulverisateur-a-batterie-lithium-vito-12v-6ah-16l/f-1632706-vit3663936034616.html
vit5604612636920,https://www.cdiscount.com/jardin/arrosage/pulverisateur-a-dos-12l/f-1632706-vit5604612636920.html
vor1687617474142,https://www.cdiscount.com/electromenager/aspirateurs-nettoyeurs/aspirateur-a-main-sans-fil-crc50-de-vortex/f-1101405-vor1687617474142.html
vor1690341043432,https://www.cdiscount.com/electromenager/aspirateurs-nettoyeurs/aspirateur-a-main-sans-fil-pliable-eclairage-led-c/f-1101405-vor1690341043432.html
vor1690989056366,https://www.cdiscount.com/electromenager/aspirateurs-nettoyeurs/aspirateur-traineau-sans-sac-avec-filtre-4-couches/f-1101423-vor1690989056366.html
vor1690989065245,https://www.cdiscount.com/electromenager/aspirateurs-nettoyeurs/aspirateur-traineau-sans-sac-filtre-hepa-et-4-couc/f-1101423-vor1690989065245.html
vor1693022293564,https://www.cdiscount.com/electromenager/aspirateurs-nettoyeurs/aspirateur-2-en-1-sans-fil-f11-grey-de-vortex/f-1101410-vor1693022293564.html
vor1699524904722,https://www.cdiscount.com/electromenager/aspirateurs-nettoyeurs/aspirateur-a-main-sans-fil-multifonction-crc30-de/f-1101405-vor1699524904722.html
vor3662738035692,https://www.cdiscount.com/electromenager/aspirateurs-nettoyeurs/aspirateur-balai-2-en-1-filaire-avec-filtre-hepa-f/f-1101410-vor3662738035692.html
vor3662738035791,https://www.cdiscount.com/electromenager/aspirateurs-nettoyeurs/aspirateur-filaire-balai-et-a-main-2en1-avec-filtr/f-1101410-vor3662738035791.html
wac8433325502010,https://www.cdiscount.com/electromenager/petit-dejeuner-cafe/bouilloire-compacte-aigostar-juliet-1l-0-bpa/f-1101706-wac8433325502010.html
wag1693939303343,https://www.cdiscount.com/bricolage/electricite/boite-wago-l-boxx-r-mini-serie-221-kit-de-130-b/f-166140109-wag1693939303343.html
web0077924154409,https://www.cdiscount.com/jardin/barbecue-plancha/kit-support-weber-pour-weber-connect-accessoires/f-1631902-web0077924154409.html
web3294452709315,https://www.cdiscount.com/pret-a-porter/bebe-puericulture/parc-pliant-webaby-hetre-verni-102-x-74-cm/f-113172535-web3294452709315.html
web3294452709322,https://www.cdiscount.com/pret-a-porter/bebe-puericulture/grand-parc-pliant-webaby-hetre-verni-102-x-101-cm/f-113172535-web3294452709322.html
web3294455005148,https://www.cdiscount.com/pret-a-porter/bebe-puericulture/webaby-lit-pliant-bebe-en-bois-60-x-120-cm-het/f-11317381402-web3294455005148.html
wic1686576717851,https://www.cdiscount.com/juniors/plein-air/wickey-tour-de-jeux-galleyflyer-avec-toboggan-bac/f-1200438-wic1686576717851.html
wic1686576766271,https://www.cdiscount.com/juniors/plein-air/wickey-tour-de-jeux-smart-cabin-avec-toboggan-bac/f-1200438-wic1686576766271.html
wic4250533907321,https://www.cdiscount.com/juniors/plein-air/wickey-aire-de-jeux-portique-bois-multiflyer-toit/f-1200438-wic4250533907321.html
wic4250533937656,https://www.cdiscount.com/juniors/plein-air/wickey-aire-de-jeux-portique-bois-stormflyer-avec/f-1200436-wic4250533937656.html
wic4250533947419,https://www.cdiscount.com/juniors/plein-air/wickey-aire-de-jeux-portique-bois-turboflyer-avec/f-1200438-wic4250533947419.html
wic4251511804069,https://www.cdiscount.com/juniors/plein-air/wickey-aire-de-jeux-portique-bois-smart-queen-avec/f-1200438-wic4251511804069.html
wic4251511807190,https://www.cdiscount.com/juniors/plein-air/wickey-aire-de-jeux-portique-bois-tinycabin-avec-b/f-1200438-wic4251511807190.html
wic4251511888618,https://www.cdiscount.com/juniors/plein-air/wickey-maison-sur-pilotis-smart-familyhouse-caban/f-1200436-wic4251511888618.html
wic4255689908383,https://www.cdiscount.com/juniors/plein-air/wickey-maison-sur-pilotis-smart-clubhouse-cabane/f-1200436-wic4255689908383.html
wim6941260495554,https://www.cdiscount.com/electromenager/aspirateurs-nettoyeurs/aspirateur-balai-sans-fil-laresar-elite3-multifonc/f-1101405-wim6941260495554.html
wol1690787413180,https://www.cdiscount.com/maison/meubles-mobilier/woltu-coiffeuse-avec-miroir-led-a-luminosite-regla/f-117600214-wol1690787413180.html
xeg0783746271759,https://www.cdiscount.com/bricolage/securite-domotique/xega-3g-4g-lte-camera-de-securite-exterieure-sans/f-166200402-xeg0783746271759.html
xeg1685686164441,https://www.cdiscount.com/bricolage/securite-domotique/xega-3g-4g-lte-2k-camera-surveillance-solaire-exte/f-166200402-xeg1685686164441.html
xeg1685686232321,https://www.cdiscount.com/bricolage/securite-domotique/xega-3g-4g-lte-2k-camera-surveillance-solaire-exte/f-166200402-xeg1685686232321.html
xeg1685686340985,https://www.cdiscount.com/bricolage/securite-domotique/xega-lot-de-2-camera-de-securite-solaire-exterieur/f-166200402-xeg1685686340985.html
xeg1685686341657,https://www.cdiscount.com/bricolage/securite-domotique/xega-camera-de-securite-solaire-exterieure-sans-fi/f-166200402-xeg1685686341657.html
xeg1685686362485,https://www.cdiscount.com/bricolage/securite-domotique/camera-de-surveillance-solaire-exterieure-sans-fil/f-166200402-xeg1685686362485.html
xia6941812757420,https://www.cdiscount.com/telephonie/telephone-mobile/xiaomi-redmi-13c-256go-vert/f-1440402-xia6941812757420.html
xia6974569480051,https://www.cdiscount.com/electromenager/aspirateurs-nettoyeurs/redroad-v17-aspirateur-balai-sans-fil-puissant-mul/f-1101410-xia6974569480051.html
yor1684920256781,https://www.cdiscount.com/maison/rangement/yorbay-panier-a-linge-en-bambou/f-117992103-yor1684920256781.html
yor1699669865613,https://www.cdiscount.com/maison/rangement/yorbay-panier-a-linge-chariot-a-linge-avec-4-pani/f-117992103-yor1699669865613.html
yor4250873713781,https://www.cdiscount.com/juniors/plein-air/yorbay-balancoire-nid-d-oiseau-pour-enfants-o120c/f-120043904-yor4250873713781.html
yor4250873713804,https://www.cdiscount.com/jardin/serre-de-jardin/yorbay-serre-de-jardin-serre-de-balcon-abri-de/f-16328-yor4250873713804.html
yor4250873714153,https://www.cdiscount.com/bricolage/sanitaire-salle-de-bain/yorbay-lot-de-3-etageres-de-douche-en-aluminium-i/f-1661007-yor4250873714153.html
yor4250873714658,https://www.cdiscount.com/maison/decoration-accessoires/yorbay-4-en-1-portant-penderie-a-vetements-en-bamb/f-117635211-yor4250873714658.html
yor4250873714702,https://www.cdiscount.com/maison/rangement/yorbay-chariot-a-linge-panier-a-linge-corbeille/f-117992103-yor4250873714702.html
yor4250873716669,https://www.cdiscount.com/maison/art-de-la-table/yorbay-casier-a-bouteilles-mural-avec-4-distribute/f-1179050-yor4250873716669.html
yor4250873716997,https://www.cdiscount.com/bricolage/sanitaire-salle-de-bain/yorbay-serviteur-wc-3en1-derouleur-papier-toilett/f-1661005-yor4250873716997.html
zen3545411610990,https://www.cdiscount.com/bricolage/electricite/detecteur-mural-multi-fonctions-metal-bois-et-co/f-1661421-zen3545411610990.html
zen3545411897841,https://www.cdiscount.com/bricolage/electricite/bloc-klipo-3-prise-2p-t-2-usb-et-lampe-baladeuse/f-1661404-zen3545411897841.html
zen3545411926626,https://www.cdiscount.com/bricolage/electricite/enrouleur-electrique-4-prises-16a-2p-t-avec-projec/f-1661407-zen3545411926626.html
zen3545411928880,https://www.cdiscount.com/bricolage/electricite/zenitech-enrouleur-de-chantier-ip44-4-prises-16a/f-1661407-zen3545411928880.html
zkm1691373709634,https://www.cdiscount.com/electromenager/soin-de-la-personne-beaute/enhanced-ipl-hair-removal-device-with-3-functions/f-1105701-zkm1691373709634.html
zmagca875440000,https://www.cdiscount.com/electromenager/petits-appareils-de-cuisson/moulinex-am503010-friteuse-huile-semi-pro-4l-jus/f-1102002-zmagca875440000.html
zos0612068824063,https://www.cdiscount.com/bricolage/securite-domotique/zosi-hybride-4in1-1080p-dvr-4ch-tvi-enregistreur-v/f-166200405-zos0612068824063.html
